variable,median,lower_CI,upper_CI,has_gyrb,gyra
F.A,-0.081605099,-0.125112746,-0.039442846,FALSE,F.A
F.A_gyrb,-0.255005689,-0.298648016,-0.211266057,TRUE,F.A
F.D,-0.046929971,-0.088129837,-0.005659201,FALSE,F.D
F.D_gyrb,-0.253322059,-0.295096783,-0.209660613,TRUE,F.D
F.G,-0.029522311,-0.071037017,0.013082082,FALSE,F.G
F.G_gyrb,-0.48903595,-0.531394168,-0.447635141,TRUE,F.G
F.N,-0.076002543,-0.118743037,-0.035029209,FALSE,F.N
F.N_gyrb,-0.448792149,-0.489980822,-0.406370067,TRUE,F.N
S.A,-0.006155317,-0.047763637,0.035924641,FALSE,S.A
S.A_gyrb,-0.284909886,-0.327135216,-0.242739514,TRUE,S.A
S.D,-0.003017498,-0.086295701,0.076957275,FALSE,S.D
S.D_gyrb,-0.145989185,-0.187469387,-0.104645444,TRUE,S.D
S.G,-0.22963511,-0.271967169,-0.189158095,FALSE,S.G
S.G_gyrb,-0.37363684,-0.416248671,-0.332909741,TRUE,S.G
S.N,-0.154152443,-0.196003165,-0.113494289,FALSE,S.N
S.N_gyrb,-0.211736566,-0.253941743,-0.169431101,TRUE,S.N
